ID,Nombre_Personal
1,Widaker Farq
2,Samantha Warm
3,Thomas Muller
4,Walter Lopez
5,Jeffrey Cook
6,Danielle Rivers
7,Isaac Peterson
8,Katherine Smith
9,Jason Wilson
10,Sam Hernández 
11,Alexandra Adams
12,Sébastien Le Hoarau
13,Marcella Sobrero
14,Albert Blanco Palma
15,Núria Montserrat Vaquero
16,Fiorenzo Fantozzi
17,Loretta Muti
18,Cameron Gardner
19,Clàudia Ibáñez Bilbao
20,Santiago Vigil Guillen
21,Dr Jayne Law
22,Carla Colomer-Roura
23,Amanda Shaffer
24,Juan Francisco Quevedo Avilés
25,Vilma Figuerola Ferrando
26,Alain Richard
27,Abel Abascal Pinilla
28,Massimo Satta-Ferretti
29,Javier Montoya Recio
30,Gail Friedman
31,David Farré Plana
32,Mariana Rismondo-Gonzaga
33,Ricky Vaughan
34,Antonio Carro Mancebo
35,Bernadette-Andrée Lagarde
36,Cristina Solano Español
37,Arlet Nieto Peña
38,Brigitte Couturier
39,Paula Vila Pedro
40,Calcedonio Polizzi
41,Alain François-Auger
42,Annunziata Crisafulli
43,Rosalinda Diez Madrid
44,Sig. Ivo Bossi
45,Lucy Long
46,Bonifacio Hernando Barrera Rozas
47,Heather Vincent
48,Mr Joel Todd
49,Clara Lamas Herrera
50,Laia Clàudia Villa Ayllón
51,Jennifer Goodman
52,Anna Montserrat Pareja Zabaleta
53,Jennifer Goodman
54,Jana Bayo Villanueva
55,Matthew Underwood
56,Adèle de Pages
57,Gilles Lelièvre-Vidal
58,Donald Fuller
59,Nico Barberini-Costanzi
60,Dott. Gianna Bellucci
61,Maricela Carro Gordillo
62,Andre Pierce
63,Maggie Gérard-Payet
64,Dr. Ariel Clark
65,Mathew Steele-Sykes
66,Ariel Nguyen
67,Miss Helen Brown
68,Lidia Canil
69,Jean Alexandre
70,Gaspare Romano
71,Marco Giner Milla
72,Román Falcón
73,Henry Nicholls
74,Carlota Escamilla Pallarès
75,Jordi Santana-Acosta
76,Marisela Hoyos Falcó
77,Luisa Lopresti
78,Mark Moore
79,Ralph Brown
80,Alexandria Normand
81,Jose Antonio Nilo Ayuso Benavent
82,Fiona Wallace
83,Henriette Leconte
84,Aaron Lynch
85,Sig. Alphons Gelli
86,Gala Mariño Abascal
87,Crystal Moore
88,Alfio Bignardi
89,Daniel Clements-Fry
90,Zachary Reed
91,Jeffrey Stevenson
92,Ornella Notarbartolo
93,Clotilde Vall Cazorla
94,Édith Texier
95,Bartolomeo Fantoni
96,Dr Thomas Thomas
97,Robert Elliott
98,Donatello Abatantuono
99,Nicole Robson
100,Valèria del Rey
101,Mauro Tamborini
102,Mr Joe Payne
103,Joshua Meza
104,Montserrat Bustamante Pinedo
105,Lina Montessori
106,Jafet Méndez Viña
107,Antònia Pardo Tudela
108,Thibault Barbier
109,Yolanda Lloret
110,Arnau Galiano Cadenas
111,Adam Oller Alemán
112,José Vicente Perales
113,Aureliano Duarte Azcona
114,Beth Hernandez
115,Fátima Núñez Llabrés
116,Marianne-Anastasie Bailly
117,Arlet Correa Arroyo
118,Carlos Cervera Clemente
119,Mr Cameron Watkins
120,Antonio Casas Monreal
121,María Dolores Aroca Expósito
122,Noël Le Rodriguez
123,Adam del Heredia
124,Charles Strong
125,Alyssa Harris
126,Nicola Paltrinieri
127,Francesca Sollima
128,Mario Giannini-Giolitti
129,Josefa Alemany-Guillén
130,Gwendolyn Hill
131,Pol de Castell
132,Stéphane Boucher
133,Éric Le Robert
134,Virginia Malacarne-Malatesta
135,Raffaele Palombi
136,Paride Pisani
137,Barbara Tomlinson
138,Augustin Lombard
139,Dorothée Guichard
140,Luisa Peranda
141,Miss Lynn Bond
142,Dennis Jones
143,Dr Jayne Harvey
144,Sílvia Cortés Ramirez
145,René Dijoux
146,Flavia Sbarbaro-Dulbecco
147,Thomas Leroux-Perrin
148,Marc Bouchet
149,Nicolasa España Exposito
150,Pamela Bender
151,Pedro Espejo Blasco
152,Bernard Ball
153,Norberto Correa Otero
154,Vittoria Sismondi
155,Frédéric Gallet
156,Marine Hardy
157,Guy Bousquet
158,Abbie Jones
159,Sam Evans
160,Joseph Bertin
161,Dylan Murray
162,John Goodwin
163,Sig.ra Raffaella Cimini
164,Nicole Davis
165,Asunción de Alegria
166,Jessica Moore
167,Gianmarco Foconi
168,Paul Mitchell
169,Ángel Muñoz-Nogueira
170,Simonetta Barberini-Gaggini
171,Callum Evans
172,Océane-Jacqueline Boucher
173,Dr Liam Barnes
174,Dr Beverley Kirk
175,Èric Viña Andres
176,Noa María Ángeles Oliva Linares
177,Víctor Teobaldo Amaya Tejedor
178,Margaret Chauvet
179,David Williams
180,Alfred du Delattre
181,Brenda Duncan
182,Jose Manuel Sandoval Casal
183,Anaïs Toussaint
184,Anaïs Mendès
185,Claude du Colin
186,Lucas Mathieu
187,Dr Nigel Harris
188,Alan Jackson
189,Ian Dixon
190,David Lawrence-Marsh
191,Barbara Maspero
192,Bartolomeo Donà
193,Isa Galiazzo-Borsiere
194,Chloe Gallagher
195,Grace Kelly-Grant
196,Erika Gaiatto
197,Dolores Vicens
198,Miguel Parra Gomis
199,Vanessa Zacchia
200,Felix Cánovas Rodriguez
201,Aleix Valera Leal
202,Emma Ford
203,Emilio Nicolás Diez
204,Kevin Pearson
205,Dr Raymond Conway
206,Christopher Morris
207,José Sales Revilla
208,Dr Jack Higgins
209,Honoré Thomas Le Martineau
210,Sig. Lamberto Inzaghi
211,Joan Sanmartín Sanmartín
212,Lina Accardo
213,Bruno Arias Garcia
214,Carla Valdés Terrón
215,Michèle Menard
216,Josh Burton
217,Michelle Pierce
218,Brenda Williams
219,Timothy Curtis
220,Madeleine Tessier
221,Thibaut du Neveu
222,Alice Brun
223,Michel Lebon-Philippe
224,Alan Ali-Robson
225,Renee Hayes
226,Justin Gomez
227,Melissa Brown
228,Joshua Daniels
229,Osvaldo Carrillo Fonseca
230,Florencia Dorotea Fernandez Montes
231,Sarah Vega
232,Lauren Smith
233,Barbara Rodriguez
234,Esperanza del Ojeda
235,Dott. Elena Novaro
236,Rosa Corral Aznar
237,Rosa Rodrigo Estevez
238,Josefa Soriano Hervás
239,Anastasie Bernier
240,Ana Gaya Julián
241,Hugo Gaya Piña
242,Monique Raymond-Sanchez
243,Georgia Chadwick
244,Sean Williams
245,Bonnie Turner
246,Alphonse Peltier
247,Linda Stout
248,Juan Francisco Barranco Valenciano
249,Bruno Almansa Mosquera
250,Ona del Calzada
251,Perla Palomares Paredes
252,Leslie Riley
253,Kerry Nixon
254,Desiree Olson
255,Jacqueline Mitchell
256,Thibaut Delmas-Bonnet
257,Luciano Gadda
258,Antonio Rios
259,Gianfrancesco Mattarella-Basso
260,Miss Lynda Lewis
261,Albert Múñiz Puga
262,Diane Thompson
263,Clifford Oliver
264,Bruno Joan Gálvez Cámara
265,Ms Naomi Cooke
266,Ms. Amy Phillips MD
267,Thomas Bush
268,Gaspare Mastandrea-Guarana
269,Ashley Frye
270,Marc Ocaña Garzón
271,Bettina Garrone
272,Jordi Javier Morata Solís
273,Jordana Pou
274,Nicola Gori
275,Mónica del Saez
276,Sherri Molina
277,Mr Stewart Perry
278,Pamela Parker
279,Benjamin Vaillant Le Cordier
280,Martí Carballo Revilla
281,Étienne Rousseau
282,Richard Reynolds-Watts
283,Melissa Ammaniti
284,Júlia Torrens
285,Vanessa Federici
286,Catherine Bernier
287,María Teresa Nuñez Salom
288,Dr Damien Adams
289,Sig.ra Olga Basso
290,Adam Alberdi Salom
291,Laia Daza Millán
292,Ruth Contreras Peñalver
293,Miguel Lobo Gabaldón
294,Dr Gerald Harvey
295,Juan Haro
296,Victoria Patterson
297,Mark Murray
298,Isa Mantegazza
299,Colin Lucas
300,Dr Owen Nicholls
301,Jeffrey Torres MD
302,Catherine Blondel
303,Martyn Ahmed
304,Mrs Bethany Hayward
305,Émile Barre
306,Stéphane-Théodore Noël
307,Lucie Lagarde
308,Sofía Bastida
309,Dott. Arnulfo Pagliaro
310,Carlos de Miralles
311,Nicolás Seve Menéndez Cuadrado
312,Dott. Amanda Guariento
313,Júlia Clàudia Carretero Mateu
314,Thérèse Valentin
315,Hugues de Pruvost
316,Isabel Júlia Villena Roda
317,Eugenia Palma Cerro
318,Manuel Peiró Osuna
319,Catherine Le Barbier
320,Henri Durand
321,Pierre Blin
322,Francisco Cañellas-Cardona
323,Madeleine Martineau-Gomes
324,Perlita Granados Juárez
325,Raimondo Tamburello
326,Tullio Fieramosca
327,José Cervera Palomar
328,Chlóe Gascón Expósito
329,Lisa Mason
330,Sara Menéndez-Jordá
331,William French
332,Dr Kathryn Saunders
333,Stephanie Johns
334,Teresa Roman Morán
335,Joyce Walsh
336,Raffaello Tomei
337,Dr Amelia Morgan
338,Angelina Proietti
339,Pedro Nieto-Salcedo
340,Dott. Cristina Orengo
341,Lauren Abbott
342,Daria Liverotti
343,Larry Garcia
344,Arlet Gargallo Escolano
345,Ms. Kayla Payne
346,Joan Vila Tudela
347,Robert Guibert
348,Sofía Sofía Colomer Iglesias
349,Hugh Parry
350,Austin Rodriguez
351,Silvestre Alvarez Angulo
352,Nil Marin Melero
353,Thierry Guillon
354,Arnau Benito Zorrilla
355,Néstor Pujol
356,Oliver Harrison
357,Adela Folch Lledó
358,Lucas Hernandez Tejera
359,Sig.ra Lisa Borrani
360,Sig. Vincentio Fagiani
361,Joseph Jones
362,Henry Jones
363,Eva Bocelli
364,Dott. Matilda Finotto
365,Emily Ball
366,Eraldo Gatto
367,David Biel Valero Vallés
368,María Dolores Milla Esteve
369,Timothy Bradshaw
370,María Del Carmen Malo Molina
371,Justin Reid
372,Anna Blake-Lambert
373,Kayleigh Lewis
374,Carla Salmerón
375,Michelle Williams-Hale
376,Leo Manuel Arroyo
377,Matthieu Klein de Lefèvre
378,Martina Zaccagnini
379,Joseph Jacquot
380,Georges-Noël Charles
381,Aimée Riou
382,Jafet Catalán Casanova
383,Candelaria Paca Segarra Peralta
384,Emma Cerro
385,Dr Leonard Graham
386,Carina Verdugo Pastor
387,David Munoz
388,Christopher Terrell
389,Rembrandt Alfonsi
390,James Bowen
391,Júlia Bermudez Armas
392,Mireia Solera-Canales
393,Mrs Rosie Mann
394,Arlet Espada Padilla
395,Dr Peter Lowe
396,Lee Walker
397,Ivan Asmundo
398,Dina Storladi
399,Arlet Barrera
400,Miguel Luna Fuertes
401,Maricruz Campillo Bilbao
402,Maria Trillini
403,Anaïs Lebrun Le Chevalier
404,Tina Cagnotto
405,Elena Cuomo
406,Jacques Lecoq
407,Margot Gomes
408,Stéphane Barbier
409,Lorena Pera Blanco
410,Raymond Day
411,Maurice Lagarde
412,Maurice-Bertrand Leroy
413,Whitney Reed
414,Maurizio Littizzetto
415,Patrick Brown
416,William Turner
417,Rodney Baker
418,Gordon Goodwin
419,Carl Swanson
420,Denis Bryant
421,Mrs Caroline Smith
422,Benjamin Brown
423,Liana Tartaglia
424,Christine Taylor
425,Nicholas Brown
426,Mrs June Green
427,Dr Gerard Griffiths
428,Dr Robin Winter
429,Michele Williams
430,Alberico Ariosto-Carpaccio
431,Robert Watkins
432,Dr Brandon Bailey
433,Sophia Gucci
434,Pedro Miguel Jurado Barreda
435,Paula Arlet Quintana Morales
436,Denise Launay
437,Amalia Malenchini
438,Isaac Vallet
439,Aaron Rhodes
440,César Perez Maestre
441,María José Villanueva Castillo
442,Zacharie Le Courtois
443,Salomé Villanueva Millán
444,Yago Santiago Marí
445,Lamberto Alonzi
446,Encarnacion Lobato Sarmiento
447,Angela Zhang
448,Lucie Weber de Boutin
449,María Gaya-Alfonso
450,Antònia Fuster Sanmartín
451,Natalie Graves
452,Théophile Collet
453,Emmanuel Aubry de Chauveau
454,Rosenda Esteban Gonzalo
455,Thierry Perrot
456,Martyn Andrews
457,Dott. Priscilla Brambilla
458,Florencia de Llorens
459,Marta Rodrigo Tamayo
460,Pepito de Torres
461,Marine Dumont de la Lagarde
462,Margot Louis
463,Antonio Odescalchi
464,Victoire Blanc
465,Miss Lynn Murphy
466,Nil Francisco Escrivá
467,Noa Ortiz-Saura
468,Stéphane Teixeira
469,Jacob Hubbard
470,Juanita Estrada Laguna
471,Tristan du Laporte
472,Odette Rousseau
473,Justin Norris
474,Agathe Bernier
475,Alessandra Antonelli
476,Maggie Dupré
477,Corinne Regnier
478,Ms Kathleen Smith
479,Melanie Martinez
480,Lucia Pedrosa Leal
481,Agapito Vazquez Beltrán
482,Marcio Español Palma
483,Emma Emma Lozano Girón
484,Robert Hamilton
485,Borja Borja Leon
486,Miss Rachael Bishop
487,Gemma Ali
488,Perla Gras Caballero
489,Lucas Pasquier
490,Ariadna del Osuna
491,Brian Monroe
492,Abigail Davies
493,Paul Adams
494,Marciano Figueroa Arroyo
495,Griselda Barberini
496,Mr Billy Porter
497,Brigitte Masse de Buisson
498,Máximo Sacristán Sevilla
499,Carolina Ostinelli
500,Geronimo Sforza
501,Nicole Ochoa
502,Harold Smith
503,Elizabeth Lee
504,Alexander Bush
505,Dr Hazel Marshall
506,Margaret Guillet
507,José Antonio Rius Galindo
508,Salvatore Bragadin-Ramazzotti
509,Jordi de Elorza
510,Melissa Garrett
511,Belén Casas
512,Dale Thomas
513,Noah Ford
514,James Cochran
515,Luisina del Goñi
516,Cheryl White
517,Adrian Buckley
518,Vincent Cartwright
519,Arlet Pelayo Antúnez
520,Sam Parker
521,Anna Corominas Saura
522,Bruno Castellanos Narváez
523,Kristen Holt
524,Sig. Renzo Zamengo
525,Flavia Sáenz Castañeda
526,Dr Lynda Booth
527,Édith Huet
528,Aina Anna Coello Gutierrez
529,Joan Aroca Muñoz
530,Pío Hernán Alegria Gascón
531,Álex Lopez Huerta
532,Tina Ruberto
533,Laurence Denis
534,Vilma Sandra Marin Izaguirre
535,Lucía Aznar Cáceres
536,Élise-Isabelle Laine
537,Álex Juan Girón Amador
538,Denis Gordon
539,Pedro de Tapia
540,Arnau del Nadal
541,Ignacio Huertas Arroyo
542,Eric Allen
543,Federica Boccherini
544,Lidia Carrera
545,Dott. Atenulf Scamarcio
546,David Cabello Baró
547,David Dominguez
548,Susanne Couturier
549,Paul Patel
550,Patricia Monnier
551,Jacqueline Sanders
552,Kelly Long
553,Carole Richards
554,Baudelio Chico Aguirre
555,Fabrizio Fo
556,Benoît Blanchet-Chauveau
557,José Juan Tejada Amador
558,Édouard Monnier-Gosselin
559,Aleix Madrid Mosquera
560,Frédéric Colin
561,Ms Janet Green
562,Gerard Perkins-Anderson
563,Karen Carter
564,Gustavo Sgarbi
565,Jeannine Reynaud du Guillon
566,Gaetano Persico
567,Florentina Cervantes Marti
568,Aleix Zamorano Murcia
569,Núria Girón Alcalá
570,Marcela Mosquera Casado
571,Anouk Chauvin
572,Godofredo Gonzalo Viña Sedano
573,Mercedes Alsina
574,Ámbar Requena Toro
575,Vincenza Ammaniti
576,Philip Hodges
577,Gregory Hernandez
578,Bertrand Benard
579,Céline Pineau du Vasseur
580,Maite Chaparro Aramburu
581,Federigo Grimani-Pedrazzini
582,Jose Douglas
583,Sara Bastida-Llabrés
584,Asdrubal Mancebo Serra
585,Sandro Paganini
586,Nicolas Pages
587,Russell Smith-Day
588,Meredith Pruitt
589,Lino Escribano Cuesta
590,Martina Soler
591,Imelda Mastroianni-Perini
592,Claire Delmas
593,Hilary Wilkinson-Robinson
594,Kyle Herrera
595,Manuel Xavier Gordillo Segarra
596,Lucas Verdugo Abascal
597,Marc del Farré
598,Martina Pablo Salgado
599,Élisabeth Devaux
600,Carmen Carreras Bejarano
601,Kathleen Foster
602,Enzo Jorge Aliaga Vélez
603,Lucia Gisbert Campos
604,María Luisa Sanmiguel Montalbán
605,Gianni Passalacqua
606,Carmen Sílvia Cabañas Beltran
607,Charles Finch
608,Daniel Watts
609,Nil Lladó Cobos
610,Sam Dixon
611,Mr Philip Jones
612,Marisa Gregori
613,María Solé Puerta
614,Christopher Erickson
615,Sig.ra Maria Leone
616,Kenneth Henry
617,David Martin
618,Sabine François
619,Carla Josefa Barreda Almazán
620,Teresa Metcalfe
621,Nil de Goñi
622,Nilo de Torres
623,Clàudia Higueras Paniagua
624,Bruno Ricart-Tomas
625,Derek Slater
626,Derek Brown
627,Marita Seguí Salas
628,Lauren Ramirez
629,Adam Rozas Paredes
630,Valèria Tena Alcántara
631,Matthieu Morin
632,Matthew Singleton
633,José Lastra Carbó
634,Ivo Brichese
635,Patrick Reed
636,Nigel Williams
637,Thérèse Legros de la Guillot
638,Clàudia Parejo-Ferrándiz
639,Kathleen Vincent
640,Mr Oliver Johnston
641,Valérie Petitjean
642,Suzanne Moreau-Gillet
643,José María Ferrando Parejo
644,Cameron Rogers
645,Augustin-Antoine Delmas
646,Carolyn Wright
647,Purificación Sáenz Gámez
648,Antonio Moschino
649,Azahar Pedrero Soriano
650,José Lastra Hidalgo
651,Javier Goñi
652,Michelotto Gritti
653,Étienne Boyer
654,Carol Khan-Hall
655,Heriberto Aguilar Matas
656,Rosa Benet
657,Claudia Baglioni-Golgi
658,Matthieu Mary
659,Geronimo Tagliafierro-Santoro
660,Dr Harry Tyler
661,Monique Bègue du Bourdon
662,Antonia Terrón Parejo
663,Pedro Tirado Grau
664,James Alexander
665,Jacinta Cortes Pino
666,Isaac-Denis Adam
667,Caroline Pichon
668,Anthony Davies
669,Monica Young
670,Fernanda Andrés
671,Julie-Inès Paul
672,Federica Lamborghini
673,Harriet Jackson-Cameron
674,Renato Aguado-Palau
675,Georgina Brady
676,Daniel Hyde-Jordan
677,Fernanda Federici
678,Lauren Peterson
679,Michel Allard
680,Rosa Druso-Pisano
681,Aurelia Milla Pardo
682,Mr Sam Simmons
683,Sílvia Canales Arnal
684,Gelsomina Granatelli-Cafarchia
685,Blanca Rosalina Jove Báez
686,Kara Shaw
687,Natasha James
688,Nicole Ramos
689,Elizabeth Thompson
690,Cameron Kaur-Payne
691,Hugo Carbó-Prat
692,Daniel Cortina Gabaldón
693,Marco Traetta
694,Guglielmo Cortese
695,Katy Gordon
696,Guido Farinelli
697,Teo Barranco Santamaria
698,Daniel Carballo Maldonado
699,Stéphanie du Moreau
700,Brianna Estrada
701,Tanner Brooks
702,Katie Leonard
703,Serena Grossi
704,Clàudia del Alfonso
705,Flavia Carullo
706,Timothy Morales
707,Dr Thomas Doyle
708,Dennis Lester
709,Carolyn White
710,Clàudia Mascaró Lladó
711,Orlando Giunti-Flaiano
712,Dott. Gianni Malatesta
713,Justin Marshall
714,Francisco Mayo
715,Oreste Turati
716,Giorgia Cuomo
717,María Dolores Calatayud Barberá
718,Thibault Breton
719,Pau Ordóñez Domínguez
720,Jasmine Curtis
721,Ryan Hardy
722,Donato Canales
723,Maurice Jacob
724,María Pereira Redondo
725,Bobby Allen
726,Gregorio Iborra
727,Hugo Guerrero Alberola
728,Michael Parker
729,Eligio Ortega Franco
730,Mr Danny Murray
731,Nathan Scott-Burton
732,April Cunningham
733,Ms Stephanie Clark
734,Evangelista Vento
735,Sig. Girolamo Comeriato
736,José Luis Pol Ureña
737,Patricia Graham
738,Jean Young
739,Juan Carlos Merino Viña
740,Dante Trombetta
741,Flavio Barco Español
742,John Johnson
743,Biagio Fornaciari-Ritacca
744,Virgilio Mancini
745,Guarino Cortese-Giacometti
746,Maggie Robert-Dubois
747,Alexander Barrett-Smith
748,Dott. Durante Orsini
749,Elizabeth West
750,Tony Smith
751,Wilfredo Pla Cañas
752,Pastor Sanjuan-Olmedo
753,Lucia Tejero Talavera
754,Mirta Guerra Galvez
755,Diego Lara-Bayón
756,Uberto Odescalchi
757,Conrado Aramburu Borrell
758,Sig.ra Renata Borghese
759,Francisco Galván
760,Bradley Savage
761,Dott. Ansaldo Pratesi
762,Alain Humbert-Prévost
763,Miss Jayne Dunn
764,Achille Balbo
765,Èric Verdejo Prat
766,Valerie Vaughn
767,Ninetta Mazzini
768,Robin Green
769,Anne-Anastasie Lemoine
770,Laetitia Schneider-Fernandes
771,Temistocle Spinola
772,Merche Tello Baeza
773,Brittany Howell
774,David Roche
775,Valentina García Giménez
776,Aina Tenorio-Cabanillas
777,Thomas Robertson
778,Eric Cole
779,Lauren Rowe
780,Ana Parejo Maestre
781,Émilie-Inès Lopes
782,Estrella Araujo Zaragoza
783,Thibaut Fontaine
784,Guadalupe Olmedo-Leal
785,José Manuel Macías Camino
786,Erika Grassi
787,Carrie Larson
788,Yves-Marcel Olivier
789,Adrien Reynaud
790,Marc Roig Reina
791,Laure de la Lenoir
792,Antonia Figueroa Gallart
793,Amaya Lucas Gargallo
794,Santino Casadei
795,Alexandra Johnson
796,Dawn Wilson
797,Phillip Chang
798,Cecilia Turchi
799,Francisco del Granados
800,Joanna Taylor-Hammond
801,Édouard Michel
802,Jason Ramos PhD
803,Geneviève Weber
804,Nathan Allen
805,Stephen Rogers
806,Eva Pascual Lago
807,Juan Carlos Jenaro Corral Arjona
808,Fabiana Elisabet Cabanillas Feijoo
809,Xavier Silva Palacios
810,Aleix Campoy Beltrán
811,Gloria Carpaccio
812,Mark Lane
813,Eric Moore
814,Gérard-Léon Marty
815,David Richardson
816,Lawrence Ross
817,Ross Leach-Lees
818,Marc Garzón Guillén
819,Jane Gray
820,Lidia Eco
821,Teófilo Escolano Peiró
822,Ann Stone
823,Brian Green
824,Franck-Timothée Guillou
825,Hugo Porta Miguel
826,Agustín Galindo
827,Xavier Egea Cánovas
828,Anastasie Marchand
829,Fabián Giralt
830,Marc Zurita Villanueva
831,Dawn Stewart
832,Marcel Maillot
833,Petrona Palomo Tur
834,Virginia Platini-Franceschi
835,Donatello Bonomo
836,Giovanna Pasolini
837,Ramón Fuertes Carrillo
838,Jana Campos
839,Ian Baxter
840,Lucia Gonzalo-Ayuso
841,Berenice Frescobaldi
842,Ruperto Valderrama Albero
843,Max Téllez Redondo
844,Darío Abad Carbó
845,Bertrand Bonneau
846,Francisco Roselló Zorrilla
847,Pamela Smith-Martin
848,Miss June Black
849,Auguste Le Navarro
850,Karl Randall
851,Virginia Smith
852,Antonia Morales
853,David de Zurita
854,Alphonse Launay
855,Frédéric du Vallée
856,Mr Albert Bell
857,Asdrubal Olmedo Naranjo
858,Zacharie Gilles-Pelletier
859,Tracie Williams
860,Brigitte de Ramos
861,Dr Lindsey Dickinson
862,Bruno Miranda Río
863,Casandra de Guzmán
864,Baccio Pezzali
865,Joséphine Bailly
866,Honoré-Alfred Lemoine
867,Manolo Barreda Anaya
868,Donna Miller
869,Norman Kelly
870,Orazio Pininfarina
871,Kari Farmer
872,Auguste-Alfred Schneider
873,Dr Antony Howe
874,Robert du Martins
875,Pol Lago-Pineda
876,Mr Russell Mills
877,Dr Kayleigh Davison
878,Melissa Burns
879,Robert Buchanan
880,Monica Mcneil
881,Blas de Prada
882,Bertrand Munoz
883,Liana Valmarana
884,Aina Castañeda Solana
885,Mr Geoffrey Turner
886,Joan Polo Puente
887,Charles Bertin
888,Abigail Taylor
889,Édouard Daniel
890,Bruce Whitehead
891,Sig. Lorenzo Stradivari
892,Pomponio Bixio
893,Fiamma Grasso
894,Gerardo Epifanio Valderrama Bautista
895,Martin Le Vincent
896,Lucrezia Venditti-Guidone
897,Catalina Valderrama Aguiló
898,Sheila O'Connor-Hill
899,Dott. Sandro Endrizzi
900,Albert Ros
901,Jordán Pelayo
902,Mr Brett Griffiths
903,Prudencia Madrigal-Morante
904,Manon Georges
905,Ms Dawn Davies
906,Rosa Llabrés Manzanares
907,Dr Vincent Jenkins
908,James Mcdonald
909,Dott. Letizia Navone
910,Sig. Ermes Condoleo
911,Hollie Walsh
912,Amanda Green
913,Alison Anderson
914,Francisca Moll
915,Èric Rivera Urrutia
916,Jamie Munoz
917,Martí Murcia Alemany
918,Josefa Herrero Escribano
919,Francisca Pino-Valcárcel
920,Florentino Rafa Balaguer Martín
921,María Teresa de Garriga
922,Hugo Babati
923,Robert Smith
924,Albert Gisbert Comas
925,Raquel Pacheco Nieto
926,Ashley Rodriguez
927,Michèle Martinez
928,Lee Kennedy-Campbell
929,Carlos Roig Bertrán
930,Xavier Dias
931,Lodovico Cimini
932,Kevin Herrera
933,Bianca Mimun
934,Mr Mohamed Jones
935,Olivier Delannoy
936,George Robertson
937,Lucas Denis
938,Albert Batlle Murillo
939,Pío Nogueira Clavero
940,Pilar Filomena Tomás Tello
941,Ana Olmedo Mesa
942,María Dolores Borrell-Blanes
943,Aimee Wilson-Cameron
944,Hayley Byrne
945,Aaron Carroll
946,Christopher Tyler
947,William Olson
948,Carlos Echevarría Pinedo
949,Loredana Ungaretti
950,Marcella Golgi
951,Valerie Jones
952,Inmaculada del Torrijos
953,Judith Hall
954,Anthony Harris MD
955,Hayley Lewis-Cook
956,Pedro Tamarit-Melero
957,Georges Vincent
958,Guillaume Boutin
959,Marta Chechi
960,Karen Rodriguez
961,Douglas Brown
962,Berto Guardia Díaz
963,Martina Alcántara Barón
964,Elizabeth Garcia
965,Barbara Ryan
966,April Ortega
967,James Jackson
968,Pompeo Acerbi-Vanvitelli
969,Antonia Conti
970,Rita Pavanello-Argentero
971,Chloe Brown
972,Emmanuelle Le Guillaume
973,Aurora Diez Tur
974,Ani Esteve Roura
975,Donald Sanders
976,Georges Ruiz
977,Émilie Descamps
978,Laure Delahaye
979,María Dolores Domingo-Reguera
980,Eric Vaughan
981,Bernard Alves
982,Charles Middleton
983,Stephanie Davidson
984,Camilla Castiglione-Beccaria
985,Christine-Maggie Robert
986,Agustín Martin
987,Nico Falcone-Iadanza
988,Phillip Smith
989,Lilia de Herrero
990,Holly Mitchell
991,José Montesinos Aguirre
992,Biel Marín Llorens
993,Paula George
994,Jayne James-Pollard
995,Reina Ledesma-Lago
996,Katherine Green
997,Frédéric Henry
998,Beatrice Zetticci
999,Dolores Musatti
1000,Charles Lecoq